name,url
Copy Cat Pf Chang’s Lettuce Wrap,https://fitmencook.com/lettuce-wraps-recipe/
Chili Stuffed Poblano Peppers,https://fitmencook.com/chili-stuffed-poblano-peppers/
Venezuela Reina Pepiada (Avocado Chicken Salad),https://fitmencook.com/venezuela-reina-pepiada-avocado-chicken-salad/
Irish Whisky Glazed Salmon Steak,https://fitmencook.com/irish-whisky-salmon/
Potato & Cauliflower Colcannon (-ish),https://fitmencook.com/healthy-light-colcannon/
Shrimp Gluten Free Pasta Primavera,https://fitmencook.com/shrimp-pasta-primavera/
Salmon in Lemon Caper Sauce with Bok Choy,https://fitmencook.com/lemon-caper-salmon/
Peanut Curry Chopped Grain Bowl,https://fitmencook.com/peanut-curry-chopped-grain-bowl/
"Bootstrap Paella – Shrimp, Turkey & Rice",https://fitmencook.com/bootstrap-paella-shrimp-turkey-rice/
Ukrainian(-ish) Chicken Cabbage Soup – Kapusnyak,https://fitmencook.com/ukrainian-ish-chicken-cabbage-soup-kapusnyak/
Healthy Red Beans & Brown Rice Medley,https://fitmencook.com/red-beans-brown-rice-medley/
BBQ Pork Tenderloin & Slaw Stuffed Sweet Potatoes,https://fitmencook.com/bbq-pork-tenderloin/
Soul Food Remix: Air Fryer Fish Nuggets & Collard Green Medley,https://fitmencook.com/air-fryer-cod-recipe/
Low Carb Cajun Style Okra Seafood Soup,https://fitmencook.com/cajun-seafood-soup-recipe/
Green Goddess Salad & Tomatillo Vinaigrette,https://fitmencook.com/green-goddess-salad-tomatillo-vinaigrette/
Lighter Peruvian Green Salsa (Aji Verde),https://fitmencook.com/peruvian-green-salsa-aji-verde/
Peruvian Roasted Chicken (Pollo a la Brasa) & Crispy Brussels Sprouts,https://fitmencook.com/peruvian-roasted-chicken/
Chickpea Shakshuka,https://fitmencook.com/chickpea-shakshuka/
Veg Pita Stuffed Cobb Salad,https://fitmencook.com/veg-pita-stuffed-cobb-salad/
Veg Cajun “Dirty” Rice,https://fitmencook.com/veg-cajun-dirty-rice/
Vegetarian Meal Plan,https://fitmencook.com/vegetarian-meal-prep/
"Eggs, Polenta & Veggies",https://fitmencook.com/polenta-vegetables/
